[
  {
    "pk": 1, 
    "model": "core.ladder", 
    "fields": {
      "rungs": 25, 
      "name": "Private Basic", 
      "created": "2012-06-20T10:00:00Z", 
      "created_by": null, 
      "type": "BASIC", 
      "is_private": true
    }
  }, 
  {
    "pk": 2, 
    "model": "core.ladder", 
    "fields": {
      "rungs": 25, 
      "name": "Public Basic", 
      "created": "2012-06-20T10:00:00Z", 
      "created_by": null, 
      "type": "BASIC", 
      "is_private": false
    }
  }, 
  {
    "pk": 3, 
    "model": "core.ladder", 
    "fields": {
      "rungs": 25, 
      "name": "Private Leaderboard", 
      "created": "2012-06-20T10:00:00Z", 
      "created_by": null, 
      "type": "LEADERBOARD", 
      "is_private": true
    }
  }, 
  {
    "pk": 4, 
    "model": "core.ladder", 
    "fields": {
      "rungs": 25, 
      "name": "Public Leaderboard", 
      "created": "2012-06-20T10:00:00Z", 
      "created_by": null, 
      "type": "LEADERBOARD", 
      "is_private": false
    }
  }, 
  {
    "pk": 4, 
    "model": "core.ladderconfiguration", 
    "fields": {
      "raw_value": "2", 
      "ladder": 3, 
      "key": 1, 
      "created_by": null, 
      "created": "2012-07-25T23:31:58.809Z"
    }
  }, 
  {
    "pk": 5, 
    "model": "core.ladderconfiguration", 
    "fields": {
      "raw_value": "1", 
      "ladder": 3, 
      "key": 2, 
      "created_by": null, 
      "created": "2012-07-25T23:32:06.070Z"
    }
  }, 
  {
    "pk": 6, 
    "model": "core.ladderconfiguration", 
    "fields": {
      "raw_value": "0", 
      "ladder": 3, 
      "key": 3, 
      "created_by": null, 
      "created": "2012-07-25T23:32:13.402Z"
    }
  }, 
  {
    "pk": 22, 
    "model": "core.ranked", 
    "fields": {
      "ladder": 1, 
      "description": "Rank One", 
      "rank": 1, 
      "created_by": null, 
      "created": "2012-07-23T22:28:56.992Z"
    }
  }, 
  {
    "pk": 23, 
    "model": "core.ranked", 
    "fields": {
      "ladder": 1, 
      "description": "Rank Two", 
      "rank": 2, 
      "created_by": null, 
      "created": "2012-07-23T22:28:56.992Z"
    }
  }, 
  {
    "pk": 24, 
    "model": "core.ranked", 
    "fields": {
      "ladder": 1, 
      "description": "Rank Three", 
      "rank": 3, 
      "created_by": null, 
      "created": "2012-07-23T22:28:56.992Z"
    }
  }, 
  {
    "pk": 25, 
    "model": "core.ranked", 
    "fields": {
      "ladder": 1, 
      "description": "Rank Four", 
      "rank": 4, 
      "created_by": null, 
      "created": "2012-07-23T22:28:56.992Z"
    }
  }, 
  {
    "pk": 26, 
    "model": "core.ranked", 
    "fields": {
      "ladder": 1, 
      "description": "Rank Five", 
      "rank": 5, 
      "created_by": null, 
      "created": "2012-07-23T22:28:56.992Z"
    }
  }, 
  {
    "pk": 27, 
    "model": "core.ranked", 
    "fields": {
      "ladder": 1, 
      "description": "Rank Six", 
      "rank": 6, 
      "created_by": null, 
      "created": "2012-07-23T22:28:56.992Z"
    }
  }, 
  {
    "pk": 28, 
    "model": "core.ranked", 
    "fields": {
      "ladder": 1, 
      "description": "Rank Seven", 
      "rank": 7, 
      "created_by": null, 
      "created": "2012-07-23T22:28:56.992Z"
    }
  }, 
  {
    "pk": 29, 
    "model": "core.ranked", 
    "fields": {
      "ladder": 1, 
      "description": "Really long rank that never ends ends ends ends", 
      "rank": 8, 
      "created_by": null, 
      "created": "2012-07-23T22:28:56.992Z"
    }
  }, 
  {
    "pk": 17, 
    "model": "core.ranked", 
    "fields": {
      "ladder": 2, 
      "description": "Rank One", 
      "rank": 1, 
      "created_by": null, 
      "created": "2012-07-23T22:27:30.678Z"
    }
  }, 
  {
    "pk": 18, 
    "model": "core.ranked", 
    "fields": {
      "ladder": 2, 
      "description": "Rank Two", 
      "rank": 2, 
      "created_by": null, 
      "created": "2012-07-23T22:27:30.678Z"
    }
  }, 
  {
    "pk": 19, 
    "model": "core.ranked", 
    "fields": {
      "ladder": 2, 
      "description": "Rank Three", 
      "rank": 3, 
      "created_by": null, 
      "created": "2012-07-23T22:27:30.678Z"
    }
  }, 
  {
    "pk": 20, 
    "model": "core.ranked", 
    "fields": {
      "ladder": 2, 
      "description": "Rank Four", 
      "rank": 4, 
      "created_by": null, 
      "created": "2012-07-23T22:27:30.678Z"
    }
  }, 
  {
    "pk": 21, 
    "model": "core.ranked", 
    "fields": {
      "ladder": 2, 
      "description": "Rank Five", 
      "rank": 5, 
      "created_by": null, 
      "created": "2012-07-23T22:27:30.678Z"
    }
  }, 
  {
    "pk": 16, 
    "model": "core.ranked", 
    "fields": {
      "ladder": 3, 
      "description": "user.noemail", 
      "rank": 6, 
      "created_by": null, 
      "created": "2012-07-23T22:20:36.905Z"
    }
  }, 
  {
    "pk": 15, 
    "model": "core.ranked", 
    "fields": {
      "ladder": 3, 
      "description": "user.long", 
      "rank": 5, 
      "created_by": null, 
      "created": "2012-07-23T22:20:25.703Z"
    }
  }, 
  {
    "pk": 14, 
    "model": "core.ranked", 
    "fields": {
      "ladder": 3, 
      "description": "user.c", 
      "rank": 4, 
      "created_by": null, 
      "created": "2012-07-23T22:20:10.691Z"
    }
  }, 
  {
    "pk": 13, 
    "model": "core.ranked", 
    "fields": {
      "ladder": 3, 
      "description": "user.b", 
      "rank": 3, 
      "created_by": null, 
      "created": "2012-07-23T22:19:59.859Z"
    }
  }, 
  {
    "pk": 12, 
    "model": "core.ranked", 
    "fields": {
      "ladder": 3, 
      "description": "user.a", 
      "rank": 2, 
      "created_by": null, 
      "created": "2012-07-23T22:19:47.947Z"
    }
  }, 
  {
    "pk": 11, 
    "model": "core.ranked", 
    "fields": {
      "ladder": 3, 
      "description": "user.admin", 
      "rank": 1, 
      "created_by": null, 
      "created": "2012-07-23T22:19:38.605Z"
    }
  }, 
  {
    "pk": 10, 
    "model": "core.ranked", 
    "fields": {
      "ladder": 4, 
      "description": "user.noname", 
      "rank": 10, 
      "created_by": null, 
      "created": "2012-07-23T22:14:58.160Z"
    }
  }, 
  {
    "pk": 9, 
    "model": "core.ranked", 
    "fields": {
      "ladder": 4, 
      "description": "user.noemail", 
      "rank": 9, 
      "created_by": null, 
      "created": "2012-07-23T22:14:47.059Z"
    }
  }, 
  {
    "pk": 8, 
    "model": "core.ranked", 
    "fields": {
      "ladder": 4, 
      "description": "user.short", 
      "rank": 8, 
      "created_by": null, 
      "created": "2012-07-23T22:14:37.397Z"
    }
  }, 
  {
    "pk": 6, 
    "model": "core.ranked", 
    "fields": {
      "ladder": 4, 
      "description": "user.f", 
      "rank": 6, 
      "created_by": null, 
      "created": "2012-07-23T22:14:02.993Z"
    }
  }, 
  {
    "pk": 5, 
    "model": "core.ranked", 
    "fields": {
      "ladder": 4, 
      "description": "user.e", 
      "rank": 5, 
      "created_by": null, 
      "created": "2012-07-23T22:13:52.580Z"
    }
  }, 
  {
    "pk": 4, 
    "model": "core.ranked", 
    "fields": {
      "ladder": 4, 
      "description": "user.d", 
      "rank": 4, 
      "created_by": null, 
      "created": "2012-07-23T22:13:39.157Z"
    }
  }, 
  {
    "pk": 3, 
    "model": "core.ranked", 
    "fields": {
      "ladder": 4, 
      "description": "user.c", 
      "rank": 3, 
      "created_by": null, 
      "created": "2012-07-23T22:13:22.656Z"
    }
  }, 
  {
    "pk": 2, 
    "model": "core.ranked", 
    "fields": {
      "ladder": 4, 
      "description": "user.b", 
      "rank": 2, 
      "created_by": null, 
      "created": "2012-07-23T22:12:41.609Z"
    }
  }, 
  {
    "pk": 1, 
    "model": "core.ranked", 
    "fields": {
      "ladder": 4, 
      "description": "user.a", 
      "rank": 1, 
      "created_by": null, 
      "created": "2012-07-23T22:12:27.106Z"
    }
  }, 
  {
    "pk": 1, 
    "model": "core.watcher", 
    "fields": {
      "created": "2012-07-23T22:16:20.243Z", 
      "ladder": 4, 
      "favorite": true, 
      "created_by": null, 
      "user": 2, 
      "type": "NORM"
    }
  }, 
  {
    "pk": 2, 
    "model": "core.watcher", 
    "fields": {
      "created": "2012-07-23T22:16:20.243Z", 
      "ladder": 4, 
      "favorite": true, 
      "created_by": null, 
      "user": 3, 
      "type": "ADMIN"
    }
  }, 
  {
    "pk": 3, 
    "model": "core.watcher", 
    "fields": {
      "created": "2012-07-23T22:16:20.243Z", 
      "ladder": 4, 
      "favorite": false, 
      "created_by": null, 
      "user": 4, 
      "type": "NORM"
    }
  }, 
  {
    "pk": 4, 
    "model": "core.watcher", 
    "fields": {
      "created": "2012-07-23T22:16:20.243Z", 
      "ladder": 4, 
      "favorite": false, 
      "created_by": null, 
      "user": 5, 
      "type": "NORM"
    }
  }, 
  {
    "pk": 5, 
    "model": "core.watcher", 
    "fields": {
      "created": "2012-07-23T22:16:20.243Z", 
      "ladder": 4, 
      "favorite": false, 
      "created_by": null, 
      "user": 6, 
      "type": "MOD"
    }
  }, 
  {
    "pk": 6, 
    "model": "core.watcher", 
    "fields": {
      "created": "2012-07-23T22:16:20.243Z", 
      "ladder": 4, 
      "favorite": false, 
      "created_by": null, 
      "user": 7, 
      "type": "NORM"
    }
  }, 
  {
    "pk": 7, 
    "model": "core.watcher", 
    "fields": {
      "created": "2012-07-23T22:16:20.243Z", 
      "ladder": 4, 
      "favorite": false, 
      "created_by": null, 
      "user": 8, 
      "type": "NORM"
    }
  }, 
  {
    "pk": 8, 
    "model": "core.watcher", 
    "fields": {
      "created": "2012-07-23T22:16:20.253Z", 
      "ladder": 4, 
      "favorite": false, 
      "created_by": null, 
      "user": 9, 
      "type": "NORM"
    }
  }, 
  {
    "pk": 9, 
    "model": "core.watcher", 
    "fields": {
      "created": "2012-07-23T22:16:20.253Z", 
      "ladder": 4, 
      "favorite": false, 
      "created_by": null, 
      "user": 10, 
      "type": "NORM"
    }
  }, 
  {
    "pk": 10, 
    "model": "core.watcher", 
    "fields": {
      "created": "2012-07-23T22:16:20.253Z", 
      "ladder": 4, 
      "favorite": false, 
      "created_by": null, 
      "user": 11, 
      "type": "NORM"
    }
  }, 
  {
    "pk": 11, 
    "model": "core.watcher", 
    "fields": {
      "created": "2012-07-23T22:21:56.897Z", 
      "ladder": 3, 
      "favorite": true, 
      "created_by": null, 
      "user": 1, 
      "type": "ADMIN"
    }
  }, 
  {
    "pk": 12, 
    "model": "core.watcher", 
    "fields": {
      "created": "2012-07-23T22:21:56.897Z", 
      "ladder": 3, 
      "favorite": false, 
      "created_by": null, 
      "user": 2, 
      "type": "NORM"
    }
  }, 
  {
    "pk": 13, 
    "model": "core.watcher", 
    "fields": {
      "created": "2012-07-23T22:21:56.897Z", 
      "ladder": 3, 
      "favorite": false, 
      "created_by": null, 
      "user": 3, 
      "type": "NORM"
    }
  }, 
  {
    "pk": 14, 
    "model": "core.watcher", 
    "fields": {
      "created": "2012-07-23T22:21:56.897Z", 
      "ladder": 3, 
      "favorite": false, 
      "created_by": null, 
      "user": 4, 
      "type": "NORM"
    }
  }, 
  {
    "pk": 15, 
    "model": "core.watcher", 
    "fields": {
      "created": "2012-07-23T22:21:56.897Z", 
      "ladder": 3, 
      "favorite": false, 
      "created_by": null, 
      "user": 8, 
      "type": "NORM"
    }
  }, 
  {
    "pk": 16, 
    "model": "core.watcher", 
    "fields": {
      "created": "2012-07-23T22:21:56.897Z", 
      "ladder": 3, 
      "favorite": false, 
      "created_by": null, 
      "user": 10, 
      "type": "NORM"
    }
  }, 
  {
    "pk": 17, 
    "model": "core.watcher", 
    "fields": {
      "created": "2012-07-23T22:22:25.931Z", 
      "ladder": 3, 
      "favorite": false, 
      "created_by": null, 
      "user": 5, 
      "type": "NORM"
    }
  }, 
  {
    "pk": 18, 
    "model": "core.watcher", 
    "fields": {
      "created": "2012-07-23T22:22:25.931Z", 
      "ladder": 3, 
      "favorite": false, 
      "created_by": null, 
      "user": 6, 
      "type": "NORM"
    }
  }, 
  {
    "pk": 19, 
    "model": "core.watcher", 
    "fields": {
      "created": "2012-07-23T22:22:25.931Z", 
      "ladder": 3, 
      "favorite": false, 
      "created_by": null, 
      "user": 9, 
      "type": "NORM"
    }
  }, 
  {
    "pk": 20, 
    "model": "core.watcher", 
    "fields": {
      "created": "2012-07-23T22:22:25.931Z", 
      "ladder": 3, 
      "favorite": false, 
      "created_by": null, 
      "user": 11, 
      "type": "NORM"
    }
  }, 
  {
    "pk": 21, 
    "model": "core.watcher", 
    "fields": {
      "created": "2012-07-23T22:22:57.787Z", 
      "ladder": 4, 
      "favorite": false, 
      "created_by": null, 
      "user": 1, 
      "type": "NORM"
    }
  }, 
  {
    "pk": 22, 
    "model": "core.watcher", 
    "fields": {
      "created": "2012-07-23T22:27:30.678Z", 
      "ladder": 2, 
      "favorite": false, 
      "created_by": null, 
      "user": 2, 
      "type": "ADMIN"
    }
  }, 
  {
    "pk": 23, 
    "model": "core.watcher", 
    "fields": {
      "created": "2012-07-23T22:27:30.678Z", 
      "ladder": 2, 
      "favorite": false, 
      "created_by": null, 
      "user": 3, 
      "type": "NORM"
    }
  }, 
  {
    "pk": 24, 
    "model": "core.watcher", 
    "fields": {
      "created": "2012-07-23T22:27:30.678Z", 
      "ladder": 2, 
      "favorite": false, 
      "created_by": null, 
      "user": 4, 
      "type": "NORM"
    }
  }, 
  {
    "pk": 25, 
    "model": "core.watcher", 
    "fields": {
      "created": "2012-07-23T22:27:30.678Z", 
      "ladder": 2, 
      "favorite": false, 
      "created_by": null, 
      "user": 10, 
      "type": "NORM"
    }
  }, 
  {
    "pk": 26, 
    "model": "core.watcher", 
    "fields": {
      "created": "2012-07-23T22:27:30.678Z", 
      "ladder": 2, 
      "favorite": true, 
      "created_by": null, 
      "user": 9, 
      "type": "NORM"
    }
  }, 
  {
    "pk": 27, 
    "model": "core.watcher", 
    "fields": {
      "created": "2012-07-23T22:27:30.678Z", 
      "ladder": 2, 
      "favorite": false, 
      "created_by": null, 
      "user": 11, 
      "type": "NORM"
    }
  }, 
  {
    "pk": 28, 
    "model": "core.watcher", 
    "fields": {
      "created": "2012-07-23T22:27:30.678Z", 
      "ladder": 2, 
      "favorite": false, 
      "created_by": null, 
      "user": 8, 
      "type": "NORM"
    }
  }, 
  {
    "pk": 29, 
    "model": "core.watcher", 
    "fields": {
      "created": "2012-07-23T22:29:31.827Z", 
      "ladder": 1, 
      "favorite": false, 
      "created_by": null, 
      "user": 2, 
      "type": "NORM"
    }
  }, 
  {
    "pk": 30, 
    "model": "core.watcher", 
    "fields": {
      "created": "2012-07-23T22:29:31.827Z", 
      "ladder": 1, 
      "favorite": false, 
      "created_by": null, 
      "user": 3, 
      "type": "NORM"
    }
  }, 
  {
    "pk": 31, 
    "model": "core.watcher", 
    "fields": {
      "created": "2012-07-23T22:29:31.827Z", 
      "ladder": 1, 
      "favorite": false, 
      "created_by": null, 
      "user": 1, 
      "type": "NORM"
    }
  }, 
  {
    "pk": 32, 
    "model": "core.watcher", 
    "fields": {
      "created": "2012-07-23T22:29:31.827Z", 
      "ladder": 1, 
      "favorite": true, 
      "created_by": null, 
      "user": 4, 
      "type": "NORM"
    }
  }, 
  {
    "pk": 33, 
    "model": "core.watcher", 
    "fields": {
      "created": "2012-07-23T22:29:31.827Z", 
      "ladder": 1, 
      "favorite": true, 
      "created_by": null, 
      "user": 11, 
      "type": "ADMIN"
    }
  }, 
  {
    "pk": 34, 
    "model": "core.watcher", 
    "fields": {
      "created": "2012-07-23T22:29:31.827Z", 
      "ladder": 1, 
      "favorite": true, 
      "created_by": null, 
      "user": 10, 
      "type": "MOD"
    }
  }
]