[
  {
    "pk": 7, 
    "model": "core.ladder", 
    "fields": {
      "rungs": 10, 
      "name": "Inconsistent Leaderboard", 
      "created": "2012-10-20T18:54:23.667Z", 
      "created_by": 1, 
      "type": "LEADERBOARD", 
      "is_private": false
    }
  }, 
  {
    "pk": 6, 
    "model": "core.ladder", 
    "fields": {
      "rungs": 5, 
      "name": "No Players Leaderboard", 
      "created": "2012-08-09T22:02:06Z", 
      "created_by": 1, 
      "type": "LEADERBOARD", 
      "is_private": true
    }
  }, 
  {
    "pk": 5, 
    "model": "core.ladder", 
    "fields": {
      "rungs": 10, 
      "name": "No Matches Leaderboard", 
      "created": "2012-08-09T12:42:33Z", 
      "created_by": 1, 
      "type": "LEADERBOARD", 
      "is_private": true
    }
  }, 
  {
    "pk": 1, 
    "model": "core.ladder", 
    "fields": {
      "rungs": 25, 
      "name": "Private Basic", 
      "created": "2012-06-20T10:00:00Z", 
      "created_by": null, 
      "type": "BASIC", 
      "is_private": true
    }
  }, 
  {
    "pk": 2, 
    "model": "core.ladder", 
    "fields": {
      "rungs": 25, 
      "name": "Public Basic", 
      "created": "2012-06-20T10:00:00Z", 
      "created_by": null, 
      "type": "BASIC", 
      "is_private": false
    }
  }, 
  {
    "pk": 3, 
    "model": "core.ladder", 
    "fields": {
      "rungs": 25, 
      "name": "Private Leaderboard", 
      "created": "2012-06-20T10:00:00Z", 
      "created_by": null, 
      "type": "LEADERBOARD", 
      "is_private": true
    }
  }, 
  {
    "pk": 4, 
    "model": "core.ladder", 
    "fields": {
      "rungs": 25, 
      "name": "Public Leaderboard", 
      "created": "2012-06-20T10:00:00Z", 
      "created_by": null, 
      "type": "LEADERBOARD", 
      "is_private": false
    }
  }, 
  {
    "pk": 1, 
    "model": "core.ladderconfiguration", 
    "fields": {
      "raw_value": "2", 
      "ladder": null, 
      "key": 1, 
      "created_by": null, 
      "created": "2012-06-20T10:00:00Z"
    }
  }, 
  {
    "pk": 2, 
    "model": "core.ladderconfiguration", 
    "fields": {
      "raw_value": "2", 
      "ladder": null, 
      "key": 2, 
      "created_by": null, 
      "created": "2012-06-20T10:00:00Z"
    }
  }, 
  {
    "pk": 3, 
    "model": "core.ladderconfiguration", 
    "fields": {
      "raw_value": "1", 
      "ladder": null, 
      "key": 3, 
      "created_by": null, 
      "created": "2012-06-20T10:00:00Z"
    }
  }, 
  {
    "pk": 4, 
    "model": "core.ladderconfiguration", 
    "fields": {
      "raw_value": "0", 
      "ladder": 3, 
      "key": 1, 
      "created_by": null, 
      "created": "2012-07-25T23:31:58.809Z"
    }
  }, 
  {
    "pk": 5, 
    "model": "core.ladderconfiguration", 
    "fields": {
      "raw_value": "1", 
      "ladder": 3, 
      "key": 2, 
      "created_by": null, 
      "created": "2012-07-25T23:32:06.070Z"
    }
  }, 
  {
    "pk": 6, 
    "model": "core.ladderconfiguration", 
    "fields": {
      "raw_value": "0", 
      "ladder": 3, 
      "key": 3, 
      "created_by": null, 
      "created": "2012-07-25T23:32:13.402Z"
    }
  }, 
  {
    "pk": 41, 
    "model": "core.ranked", 
    "fields": {
      "ladder": 7, 
      "description": "user.long", 
      "rank": 9, 
      "created_by": null, 
      "created": "2012-10-20T19:04:53.732Z"
    }
  }, 
  {
    "pk": 40, 
    "model": "core.ranked", 
    "fields": {
      "ladder": 7, 
      "description": "user.c", 
      "rank": 4, 
      "created_by": null, 
      "created": "2012-10-20T19:04:48.675Z"
    }
  }, 
  {
    "pk": 39, 
    "model": "core.ranked", 
    "fields": {
      "ladder": 7, 
      "description": "user.short", 
      "rank": 8, 
      "created_by": null, 
      "created": "2012-10-20T19:04:44.231Z"
    }
  }, 
  {
    "pk": 38, 
    "model": "core.ranked", 
    "fields": {
      "ladder": 7, 
      "description": "user.noname", 
      "rank": 5, 
      "created_by": null, 
      "created": "2012-10-20T19:04:39.865Z"
    }
  }, 
  {
    "pk": 37, 
    "model": "core.ranked", 
    "fields": {
      "ladder": 7, 
      "description": "user.b", 
      "rank": 2, 
      "created_by": null, 
      "created": "2012-10-20T19:04:34.422Z"
    }
  }, 
  {
    "pk": 36, 
    "model": "core.ranked", 
    "fields": {
      "ladder": 7, 
      "description": "user.e", 
      "rank": 4, 
      "created_by": null, 
      "created": "2012-10-20T19:04:30.330Z"
    }
  }, 
  {
    "pk": 35, 
    "model": "core.ranked", 
    "fields": {
      "ladder": 7, 
      "description": "user.admin", 
      "rank": 1, 
      "created_by": null, 
      "created": "2012-10-20T19:04:26.007Z"
    }
  }, 
  {
    "pk": 34, 
    "model": "core.ranked", 
    "fields": {
      "ladder": 3, 
      "description": "user.noname", 
      "rank": 7, 
      "created_by": null, 
      "created": "2012-08-09T23:19:46.982Z"
    }
  }, 
  {
    "pk": 33, 
    "model": "core.ranked", 
    "fields": {
      "ladder": 5, 
      "description": "user.noemail", 
      "rank": 4, 
      "created_by": null, 
      "created": "2012-08-09T12:44:40.486Z"
    }
  }, 
  {
    "pk": 32, 
    "model": "core.ranked", 
    "fields": {
      "ladder": 5, 
      "description": "user.d", 
      "rank": 3, 
      "created_by": null, 
      "created": "2012-08-09T12:44:29.414Z"
    }
  }, 
  {
    "pk": 31, 
    "model": "core.ranked", 
    "fields": {
      "ladder": 5, 
      "description": "user.b", 
      "rank": 2, 
      "created_by": null, 
      "created": "2012-08-09T12:44:18.803Z"
    }
  }, 
  {
    "pk": 30, 
    "model": "core.ranked", 
    "fields": {
      "ladder": 5, 
      "description": "user.a", 
      "rank": 1, 
      "created_by": null, 
      "created": "2012-08-09T12:44:04.910Z"
    }
  }, 
  {
    "pk": 22, 
    "model": "core.ranked", 
    "fields": {
      "ladder": 1, 
      "description": "Rank One", 
      "rank": 1, 
      "created_by": null, 
      "created": "2012-07-23T22:28:56.992Z"
    }
  }, 
  {
    "pk": 23, 
    "model": "core.ranked", 
    "fields": {
      "ladder": 1, 
      "description": "Rank Two", 
      "rank": 2, 
      "created_by": null, 
      "created": "2012-07-23T22:28:56.992Z"
    }
  }, 
  {
    "pk": 24, 
    "model": "core.ranked", 
    "fields": {
      "ladder": 1, 
      "description": "Rank Three", 
      "rank": 3, 
      "created_by": null, 
      "created": "2012-07-23T22:28:56.992Z"
    }
  }, 
  {
    "pk": 25, 
    "model": "core.ranked", 
    "fields": {
      "ladder": 1, 
      "description": "Rank Four", 
      "rank": 4, 
      "created_by": null, 
      "created": "2012-07-23T22:28:56.992Z"
    }
  }, 
  {
    "pk": 26, 
    "model": "core.ranked", 
    "fields": {
      "ladder": 1, 
      "description": "Rank Five", 
      "rank": 5, 
      "created_by": null, 
      "created": "2012-07-23T22:28:56.992Z"
    }
  }, 
  {
    "pk": 27, 
    "model": "core.ranked", 
    "fields": {
      "ladder": 1, 
      "description": "Rank Six", 
      "rank": 6, 
      "created_by": null, 
      "created": "2012-07-23T22:28:56.992Z"
    }
  }, 
  {
    "pk": 28, 
    "model": "core.ranked", 
    "fields": {
      "ladder": 1, 
      "description": "Rank Seven", 
      "rank": 7, 
      "created_by": null, 
      "created": "2012-07-23T22:28:56.992Z"
    }
  }, 
  {
    "pk": 29, 
    "model": "core.ranked", 
    "fields": {
      "ladder": 1, 
      "description": "Really long rank that never ends ends ends ends", 
      "rank": 8, 
      "created_by": null, 
      "created": "2012-07-23T22:28:56.992Z"
    }
  }, 
  {
    "pk": 17, 
    "model": "core.ranked", 
    "fields": {
      "ladder": 2, 
      "description": "Rank One", 
      "rank": 1, 
      "created_by": null, 
      "created": "2012-07-23T22:27:30.678Z"
    }
  }, 
  {
    "pk": 18, 
    "model": "core.ranked", 
    "fields": {
      "ladder": 2, 
      "description": "Rank Two", 
      "rank": 2, 
      "created_by": null, 
      "created": "2012-07-23T22:27:30.678Z"
    }
  }, 
  {
    "pk": 19, 
    "model": "core.ranked", 
    "fields": {
      "ladder": 2, 
      "description": "Rank Three", 
      "rank": 3, 
      "created_by": null, 
      "created": "2012-07-23T22:27:30.678Z"
    }
  }, 
  {
    "pk": 20, 
    "model": "core.ranked", 
    "fields": {
      "ladder": 2, 
      "description": "Rank Four", 
      "rank": 4, 
      "created_by": null, 
      "created": "2012-07-23T22:27:30.678Z"
    }
  }, 
  {
    "pk": 21, 
    "model": "core.ranked", 
    "fields": {
      "ladder": 2, 
      "description": "Rank Five", 
      "rank": 5, 
      "created_by": null, 
      "created": "2012-07-23T22:27:30.678Z"
    }
  }, 
  {
    "pk": 16, 
    "model": "core.ranked", 
    "fields": {
      "ladder": 3, 
      "description": "user.noemail", 
      "rank": 6, 
      "created_by": null, 
      "created": "2012-07-23T22:20:36.905Z"
    }
  }, 
  {
    "pk": 15, 
    "model": "core.ranked", 
    "fields": {
      "ladder": 3, 
      "description": "user.long", 
      "rank": 5, 
      "created_by": null, 
      "created": "2012-07-23T22:20:25.703Z"
    }
  }, 
  {
    "pk": 14, 
    "model": "core.ranked", 
    "fields": {
      "ladder": 3, 
      "description": "user.c", 
      "rank": 4, 
      "created_by": null, 
      "created": "2012-07-23T22:20:10.691Z"
    }
  }, 
  {
    "pk": 13, 
    "model": "core.ranked", 
    "fields": {
      "ladder": 3, 
      "description": "user.b", 
      "rank": 3, 
      "created_by": null, 
      "created": "2012-07-23T22:19:59.859Z"
    }
  }, 
  {
    "pk": 12, 
    "model": "core.ranked", 
    "fields": {
      "ladder": 3, 
      "description": "user.a", 
      "rank": 2, 
      "created_by": null, 
      "created": "2012-07-23T22:19:47.947Z"
    }
  }, 
  {
    "pk": 11, 
    "model": "core.ranked", 
    "fields": {
      "ladder": 3, 
      "description": "user.admin", 
      "rank": 1, 
      "created_by": null, 
      "created": "2012-07-23T22:19:38.605Z"
    }
  }, 
  {
    "pk": 10, 
    "model": "core.ranked", 
    "fields": {
      "ladder": 4, 
      "description": "user.noname", 
      "rank": 9, 
      "created_by": null, 
      "created": "2012-07-23T22:14:58.160Z"
    }
  }, 
  {
    "pk": 9, 
    "model": "core.ranked", 
    "fields": {
      "ladder": 4, 
      "description": "user.noemail", 
      "rank": 8, 
      "created_by": null, 
      "created": "2012-07-23T22:14:47.059Z"
    }
  }, 
  {
    "pk": 8, 
    "model": "core.ranked", 
    "fields": {
      "ladder": 4, 
      "description": "user.short", 
      "rank": 7, 
      "created_by": null, 
      "created": "2012-07-23T22:14:37.397Z"
    }
  }, 
  {
    "pk": 6, 
    "model": "core.ranked", 
    "fields": {
      "ladder": 4, 
      "description": "user.f", 
      "rank": 6, 
      "created_by": null, 
      "created": "2012-07-23T22:14:02.993Z"
    }
  }, 
  {
    "pk": 5, 
    "model": "core.ranked", 
    "fields": {
      "ladder": 4, 
      "description": "user.e", 
      "rank": 5, 
      "created_by": null, 
      "created": "2012-07-23T22:13:52.580Z"
    }
  }, 
  {
    "pk": 4, 
    "model": "core.ranked", 
    "fields": {
      "ladder": 4, 
      "description": "user.d", 
      "rank": 4, 
      "created_by": null, 
      "created": "2012-07-23T22:13:39.157Z"
    }
  }, 
  {
    "pk": 3, 
    "model": "core.ranked", 
    "fields": {
      "ladder": 4, 
      "description": "user.c", 
      "rank": 3, 
      "created_by": null, 
      "created": "2012-07-23T22:13:22.656Z"
    }
  }, 
  {
    "pk": 2, 
    "model": "core.ranked", 
    "fields": {
      "ladder": 4, 
      "description": "user.b", 
      "rank": 2, 
      "created_by": null, 
      "created": "2012-07-23T22:12:41.609Z"
    }
  }, 
  {
    "pk": 1, 
    "model": "core.ranked", 
    "fields": {
      "ladder": 4, 
      "description": "user.a", 
      "rank": 1, 
      "created_by": null, 
      "created": "2012-07-23T22:12:27.106Z"
    }
  }, 
  {
    "pk": 1, 
    "model": "core.watcher", 
    "fields": {
      "created": "2012-07-23T22:16:20.243Z", 
      "ladder": 4, 
      "favorite": true, 
      "created_by": null, 
      "user": 2, 
      "type": "NORM"
    }
  }, 
  {
    "pk": 2, 
    "model": "core.watcher", 
    "fields": {
      "created": "2012-07-23T22:16:20.243Z", 
      "ladder": 4, 
      "favorite": true, 
      "created_by": null, 
      "user": 3, 
      "type": "ADMIN"
    }
  }, 
  {
    "pk": 3, 
    "model": "core.watcher", 
    "fields": {
      "created": "2012-07-23T22:16:20.243Z", 
      "ladder": 4, 
      "favorite": false, 
      "created_by": null, 
      "user": 4, 
      "type": "NORM"
    }
  }, 
  {
    "pk": 4, 
    "model": "core.watcher", 
    "fields": {
      "created": "2012-07-23T22:16:20.243Z", 
      "ladder": 4, 
      "favorite": false, 
      "created_by": null, 
      "user": 5, 
      "type": "NORM"
    }
  }, 
  {
    "pk": 5, 
    "model": "core.watcher", 
    "fields": {
      "created": "2012-07-23T22:16:20.243Z", 
      "ladder": 4, 
      "favorite": false, 
      "created_by": null, 
      "user": 6, 
      "type": "MOD"
    }
  }, 
  {
    "pk": 6, 
    "model": "core.watcher", 
    "fields": {
      "created": "2012-07-23T22:16:20.243Z", 
      "ladder": 4, 
      "favorite": false, 
      "created_by": null, 
      "user": 7, 
      "type": "NORM"
    }
  }, 
  {
    "pk": 7, 
    "model": "core.watcher", 
    "fields": {
      "created": "2012-07-23T22:16:20.243Z", 
      "ladder": 4, 
      "favorite": false, 
      "created_by": null, 
      "user": 8, 
      "type": "NORM"
    }
  }, 
  {
    "pk": 8, 
    "model": "core.watcher", 
    "fields": {
      "created": "2012-07-23T22:16:20.253Z", 
      "ladder": 4, 
      "favorite": false, 
      "created_by": null, 
      "user": 9, 
      "type": "NORM"
    }
  }, 
  {
    "pk": 9, 
    "model": "core.watcher", 
    "fields": {
      "created": "2012-07-23T22:16:20.253Z", 
      "ladder": 4, 
      "favorite": false, 
      "created_by": null, 
      "user": 10, 
      "type": "NORM"
    }
  }, 
  {
    "pk": 10, 
    "model": "core.watcher", 
    "fields": {
      "created": "2012-07-23T22:16:20.253Z", 
      "ladder": 4, 
      "favorite": false, 
      "created_by": null, 
      "user": 11, 
      "type": "NORM"
    }
  }, 
  {
    "pk": 11, 
    "model": "core.watcher", 
    "fields": {
      "created": "2012-07-23T22:21:56.897Z", 
      "ladder": 3, 
      "favorite": true, 
      "created_by": null, 
      "user": 1, 
      "type": "ADMIN"
    }
  }, 
  {
    "pk": 12, 
    "model": "core.watcher", 
    "fields": {
      "created": "2012-07-23T22:21:56.897Z", 
      "ladder": 3, 
      "favorite": false, 
      "created_by": null, 
      "user": 2, 
      "type": "NORM"
    }
  }, 
  {
    "pk": 13, 
    "model": "core.watcher", 
    "fields": {
      "created": "2012-07-23T22:21:56.897Z", 
      "ladder": 3, 
      "favorite": false, 
      "created_by": null, 
      "user": 3, 
      "type": "NORM"
    }
  }, 
  {
    "pk": 14, 
    "model": "core.watcher", 
    "fields": {
      "created": "2012-07-23T22:21:56.897Z", 
      "ladder": 3, 
      "favorite": false, 
      "created_by": null, 
      "user": 4, 
      "type": "NORM"
    }
  }, 
  {
    "pk": 15, 
    "model": "core.watcher", 
    "fields": {
      "created": "2012-07-23T22:21:56.897Z", 
      "ladder": 3, 
      "favorite": false, 
      "created_by": null, 
      "user": 8, 
      "type": "NORM"
    }
  }, 
  {
    "pk": 16, 
    "model": "core.watcher", 
    "fields": {
      "created": "2012-07-23T22:21:56.897Z", 
      "ladder": 3, 
      "favorite": false, 
      "created_by": null, 
      "user": 10, 
      "type": "NORM"
    }
  }, 
  {
    "pk": 17, 
    "model": "core.watcher", 
    "fields": {
      "created": "2012-07-23T22:22:25.931Z", 
      "ladder": 3, 
      "favorite": false, 
      "created_by": null, 
      "user": 5, 
      "type": "NORM"
    }
  }, 
  {
    "pk": 18, 
    "model": "core.watcher", 
    "fields": {
      "created": "2012-07-23T22:22:25.931Z", 
      "ladder": 3, 
      "favorite": false, 
      "created_by": null, 
      "user": 6, 
      "type": "NORM"
    }
  }, 
  {
    "pk": 19, 
    "model": "core.watcher", 
    "fields": {
      "created": "2012-07-23T22:22:25.931Z", 
      "ladder": 3, 
      "favorite": false, 
      "created_by": null, 
      "user": 9, 
      "type": "NORM"
    }
  }, 
  {
    "pk": 20, 
    "model": "core.watcher", 
    "fields": {
      "created": "2012-07-23T22:22:25.931Z", 
      "ladder": 3, 
      "favorite": false, 
      "created_by": null, 
      "user": 11, 
      "type": "NORM"
    }
  }, 
  {
    "pk": 21, 
    "model": "core.watcher", 
    "fields": {
      "created": "2012-07-23T22:22:57.787Z", 
      "ladder": 4, 
      "favorite": false, 
      "created_by": null, 
      "user": 1, 
      "type": "ADMIN"
    }
  }, 
  {
    "pk": 22, 
    "model": "core.watcher", 
    "fields": {
      "created": "2012-07-23T22:27:30.678Z", 
      "ladder": 2, 
      "favorite": false, 
      "created_by": null, 
      "user": 2, 
      "type": "ADMIN"
    }
  }, 
  {
    "pk": 23, 
    "model": "core.watcher", 
    "fields": {
      "created": "2012-07-23T22:27:30.678Z", 
      "ladder": 2, 
      "favorite": false, 
      "created_by": null, 
      "user": 3, 
      "type": "NORM"
    }
  }, 
  {
    "pk": 24, 
    "model": "core.watcher", 
    "fields": {
      "created": "2012-07-23T22:27:30.678Z", 
      "ladder": 2, 
      "favorite": false, 
      "created_by": null, 
      "user": 4, 
      "type": "NORM"
    }
  }, 
  {
    "pk": 25, 
    "model": "core.watcher", 
    "fields": {
      "created": "2012-07-23T22:27:30.678Z", 
      "ladder": 2, 
      "favorite": false, 
      "created_by": null, 
      "user": 10, 
      "type": "NORM"
    }
  }, 
  {
    "pk": 26, 
    "model": "core.watcher", 
    "fields": {
      "created": "2012-07-23T22:27:30.678Z", 
      "ladder": 2, 
      "favorite": true, 
      "created_by": null, 
      "user": 9, 
      "type": "NORM"
    }
  }, 
  {
    "pk": 27, 
    "model": "core.watcher", 
    "fields": {
      "created": "2012-07-23T22:27:30.678Z", 
      "ladder": 2, 
      "favorite": false, 
      "created_by": null, 
      "user": 11, 
      "type": "NORM"
    }
  }, 
  {
    "pk": 28, 
    "model": "core.watcher", 
    "fields": {
      "created": "2012-07-23T22:27:30.678Z", 
      "ladder": 2, 
      "favorite": false, 
      "created_by": null, 
      "user": 8, 
      "type": "NORM"
    }
  }, 
  {
    "pk": 29, 
    "model": "core.watcher", 
    "fields": {
      "created": "2012-07-23T22:29:31.827Z", 
      "ladder": 1, 
      "favorite": false, 
      "created_by": null, 
      "user": 2, 
      "type": "NORM"
    }
  }, 
  {
    "pk": 30, 
    "model": "core.watcher", 
    "fields": {
      "created": "2012-07-23T22:29:31.827Z", 
      "ladder": 1, 
      "favorite": false, 
      "created_by": null, 
      "user": 3, 
      "type": "NORM"
    }
  }, 
  {
    "pk": 31, 
    "model": "core.watcher", 
    "fields": {
      "created": "2012-07-23T22:29:31.827Z", 
      "ladder": 1, 
      "favorite": false, 
      "created_by": null, 
      "user": 1, 
      "type": "ADMIN"
    }
  }, 
  {
    "pk": 32, 
    "model": "core.watcher", 
    "fields": {
      "created": "2012-07-23T22:29:31.827Z", 
      "ladder": 1, 
      "favorite": true, 
      "created_by": null, 
      "user": 4, 
      "type": "NORM"
    }
  }, 
  {
    "pk": 33, 
    "model": "core.watcher", 
    "fields": {
      "created": "2012-07-23T22:29:31.827Z", 
      "ladder": 1, 
      "favorite": true, 
      "created_by": null, 
      "user": 11, 
      "type": "ADMIN"
    }
  }, 
  {
    "pk": 34, 
    "model": "core.watcher", 
    "fields": {
      "created": "2012-07-23T22:29:31.827Z", 
      "ladder": 1, 
      "favorite": true, 
      "created_by": null, 
      "user": 10, 
      "type": "MOD"
    }
  }, 
  {
    "pk": 35, 
    "model": "core.watcher", 
    "fields": {
      "created": "2012-08-05T02:55:49.372Z", 
      "ladder": 2, 
      "favorite": false, 
      "created_by": null, 
      "user": 1, 
      "type": "ADMIN"
    }
  }, 
  {
    "pk": 36, 
    "model": "core.watcher", 
    "fields": {
      "created": "2012-08-09T12:42:33.393Z", 
      "ladder": 5, 
      "favorite": false, 
      "created_by": null, 
      "user": 1, 
      "type": "ADMIN"
    }
  }, 
  {
    "pk": 37, 
    "model": "core.watcher", 
    "fields": {
      "created": "2012-08-09T12:43:23.151Z", 
      "ladder": 5, 
      "favorite": false, 
      "created_by": null, 
      "user": 10, 
      "type": "NORM"
    }
  }, 
  {
    "pk": 38, 
    "model": "core.watcher", 
    "fields": {
      "created": "2012-08-09T12:43:23.151Z", 
      "ladder": 5, 
      "favorite": false, 
      "created_by": null, 
      "user": 2, 
      "type": "NORM"
    }
  }, 
  {
    "pk": 39, 
    "model": "core.watcher", 
    "fields": {
      "created": "2012-08-09T12:43:23.151Z", 
      "ladder": 5, 
      "favorite": false, 
      "created_by": null, 
      "user": 3, 
      "type": "NORM"
    }
  }, 
  {
    "pk": 40, 
    "model": "core.watcher", 
    "fields": {
      "created": "2012-08-09T12:43:23.151Z", 
      "ladder": 5, 
      "favorite": false, 
      "created_by": null, 
      "user": 5, 
      "type": "NORM"
    }
  }, 
  {
    "pk": 41, 
    "model": "core.watcher", 
    "fields": {
      "created": "2012-08-09T22:02:06.070Z", 
      "ladder": 6, 
      "favorite": false, 
      "created_by": null, 
      "user": 1, 
      "type": "ADMIN"
    }
  }, 
  {
    "pk": 42, 
    "model": "core.watcher", 
    "fields": {
      "created": "2012-08-09T22:02:28.244Z", 
      "ladder": 6, 
      "favorite": false, 
      "created_by": null, 
      "user": 10, 
      "type": "NORM"
    }
  }, 
  {
    "pk": 43, 
    "model": "core.watcher", 
    "fields": {
      "created": "2012-08-09T22:02:28.244Z", 
      "ladder": 6, 
      "favorite": false, 
      "created_by": null, 
      "user": 7, 
      "type": "NORM"
    }
  }, 
  {
    "pk": 44, 
    "model": "core.watcher", 
    "fields": {
      "created": "2012-08-09T22:02:28.244Z", 
      "ladder": 6, 
      "favorite": false, 
      "created_by": null, 
      "user": 4, 
      "type": "NORM"
    }
  }, 
  {
    "pk": 45, 
    "model": "core.watcher", 
    "fields": {
      "created": "2012-08-09T22:02:28.244Z", 
      "ladder": 6, 
      "favorite": false, 
      "created_by": null, 
      "user": 3, 
      "type": "NORM"
    }
  }, 
  {
    "pk": 46, 
    "model": "core.watcher", 
    "fields": {
      "created": "2012-10-20T18:54:23.671Z", 
      "ladder": 7, 
      "favorite": false, 
      "created_by": null, 
      "user": 1, 
      "type": "ADMIN"
    }
  }, 
  {
    "pk": 47, 
    "model": "core.watcher", 
    "fields": {
      "created": "2012-10-20T18:54:46.179Z", 
      "ladder": 7, 
      "favorite": false, 
      "created_by": null, 
      "user": 3, 
      "type": "NORM"
    }
  }, 
  {
    "pk": 48, 
    "model": "core.watcher", 
    "fields": {
      "created": "2012-10-20T18:54:51.258Z", 
      "ladder": 7, 
      "favorite": false, 
      "created_by": null, 
      "user": 6, 
      "type": "NORM"
    }
  }, 
  {
    "pk": 49, 
    "model": "core.watcher", 
    "fields": {
      "created": "2012-10-20T18:54:58.024Z", 
      "ladder": 7, 
      "favorite": false, 
      "created_by": null, 
      "user": 4, 
      "type": "NORM"
    }
  }, 
  {
    "pk": 50, 
    "model": "core.watcher", 
    "fields": {
      "created": "2012-10-20T18:55:05.325Z", 
      "ladder": 7, 
      "favorite": false, 
      "created_by": null, 
      "user": 9, 
      "type": "NORM"
    }
  }, 
  {
    "pk": 51, 
    "model": "core.watcher", 
    "fields": {
      "created": "2012-10-20T18:55:12.485Z", 
      "ladder": 7, 
      "favorite": false, 
      "created_by": null, 
      "user": 11, 
      "type": "NORM"
    }
  }, 
  {
    "pk": 52, 
    "model": "core.watcher", 
    "fields": {
      "created": "2012-10-20T18:55:20.013Z", 
      "ladder": 7, 
      "favorite": false, 
      "created_by": null, 
      "user": 8, 
      "type": "NORM"
    }
  }, 
  {
    "pk": 1, 
    "model": "core.rankingchangeset", 
    "fields": {
      "change_date": "2012-08-09T01:34:00.446Z", 
      "ladder": 4, 
      "created_by": null, 
      "created": "2012-08-09T01:34:00.449Z"
    }
  }, 
  {
    "pk": 2, 
    "model": "core.rankingchangeset", 
    "fields": {
      "change_date": "2012-08-09T01:34:11.961Z", 
      "ladder": 4, 
      "created_by": null, 
      "created": "2012-08-09T01:34:11.963Z"
    }
  }, 
  {
    "pk": 3, 
    "model": "core.rankingchangeset", 
    "fields": {
      "change_date": "2012-08-09T01:34:40.394Z", 
      "ladder": 4, 
      "created_by": null, 
      "created": "2012-08-09T01:34:40.397Z"
    }
  }, 
  {
    "pk": 4, 
    "model": "core.rankingchangeset", 
    "fields": {
      "change_date": "2012-08-09T01:35:04.510Z", 
      "ladder": 4, 
      "created_by": null, 
      "created": "2012-08-09T01:35:04.513Z"
    }
  }, 
  {
    "pk": 5, 
    "model": "core.rankingchangeset", 
    "fields": {
      "change_date": "2012-08-09T01:35:20.376Z", 
      "ladder": 4, 
      "created_by": null, 
      "created": "2012-08-09T01:35:20.379Z"
    }
  }, 
  {
    "pk": 6, 
    "model": "core.rankingchangeset", 
    "fields": {
      "change_date": "2012-08-09T01:35:34.699Z", 
      "ladder": 4, 
      "created_by": null, 
      "created": "2012-08-09T01:35:34.700Z"
    }
  }, 
  {
    "pk": 7, 
    "model": "core.rankingchangeset", 
    "fields": {
      "change_date": "2012-08-09T01:35:57.316Z", 
      "ladder": 4, 
      "created_by": null, 
      "created": "2012-08-09T01:35:57.319Z"
    }
  }, 
  {
    "pk": 8, 
    "model": "core.rankingchangeset", 
    "fields": {
      "change_date": "2012-08-09T01:37:28.949Z", 
      "ladder": 4, 
      "created_by": null, 
      "created": "2012-08-09T01:37:28.952Z"
    }
  }, 
  {
    "pk": 9, 
    "model": "core.rankingchangeset", 
    "fields": {
      "change_date": "2012-08-09T01:37:54.402Z", 
      "ladder": 4, 
      "created_by": null, 
      "created": "2012-08-09T01:37:54.405Z"
    }
  }, 
  {
    "pk": 10, 
    "model": "core.rankingchangeset", 
    "fields": {
      "change_date": "2012-08-09T01:38:06.274Z", 
      "ladder": 4, 
      "created_by": null, 
      "created": "2012-08-09T01:38:06.277Z"
    }
  }, 
  {
    "pk": 11, 
    "model": "core.rankingchangeset", 
    "fields": {
      "change_date": "2012-08-09T01:38:15.490Z", 
      "ladder": 4, 
      "created_by": null, 
      "created": "2012-08-09T01:38:15.495Z"
    }
  }, 
  {
    "pk": 12, 
    "model": "core.rankingchangeset", 
    "fields": {
      "change_date": "2012-08-09T01:38:26.223Z", 
      "ladder": 4, 
      "created_by": null, 
      "created": "2012-08-09T01:38:26.228Z"
    }
  }, 
  {
    "pk": 13, 
    "model": "core.rankingchangeset", 
    "fields": {
      "change_date": "2012-08-09T01:38:37.404Z", 
      "ladder": 4, 
      "created_by": null, 
      "created": "2012-08-09T01:38:37.405Z"
    }
  }, 
  {
    "pk": 14, 
    "model": "core.rankingchangeset", 
    "fields": {
      "change_date": "2012-08-09T01:38:52.311Z", 
      "ladder": 4, 
      "created_by": null, 
      "created": "2012-08-09T01:38:52.313Z"
    }
  }, 
  {
    "pk": 15, 
    "model": "core.rankingchangeset", 
    "fields": {
      "change_date": "2012-08-09T01:39:22.836Z", 
      "ladder": 4, 
      "created_by": null, 
      "created": "2012-08-09T01:39:22.839Z"
    }
  }, 
  {
    "pk": 16, 
    "model": "core.rankingchangeset", 
    "fields": {
      "change_date": "2012-08-09T12:45:13.322Z", 
      "ladder": 3, 
      "created_by": null, 
      "created": "2012-08-09T12:45:13.322Z"
    }
  }, 
  {
    "pk": 17, 
    "model": "core.rankingchangeset", 
    "fields": {
      "change_date": "2012-08-09T12:46:02.911Z", 
      "ladder": 3, 
      "created_by": null, 
      "created": "2012-08-09T12:46:02.911Z"
    }
  }, 
  {
    "pk": 18, 
    "model": "core.rankingchangeset", 
    "fields": {
      "change_date": "2012-08-09T12:46:21.045Z", 
      "ladder": 3, 
      "created_by": null, 
      "created": "2012-08-09T12:46:21.045Z"
    }
  }, 
  {
    "pk": 19, 
    "model": "core.rankingchangeset", 
    "fields": {
      "change_date": "2012-08-09T12:46:33.737Z", 
      "ladder": 3, 
      "created_by": null, 
      "created": "2012-08-09T12:46:33.737Z"
    }
  }, 
  {
    "pk": 20, 
    "model": "core.rankingchangeset", 
    "fields": {
      "change_date": "2012-08-09T12:47:03.692Z", 
      "ladder": 3, 
      "created_by": null, 
      "created": "2012-08-09T12:47:03.692Z"
    }
  }, 
  {
    "pk": 21, 
    "model": "core.rankingchangeset", 
    "fields": {
      "change_date": "2012-08-09T12:47:24.775Z", 
      "ladder": 3, 
      "created_by": null, 
      "created": "2012-08-09T12:47:24.775Z"
    }
  }, 
  {
    "pk": 1, 
    "model": "core.rankingchange", 
    "fields": {
      "ranking_change_set": 1, 
      "created": "2012-08-09T01:34:00.461Z", 
      "rank": 8, 
      "ranked": 9, 
      "created_by": null, 
      "change": -2
    }
  }, 
  {
    "pk": 2, 
    "model": "core.rankingchange", 
    "fields": {
      "ranking_change_set": 1, 
      "created": "2012-08-09T01:34:00.473Z", 
      "rank": 6, 
      "ranked": 6, 
      "created_by": null, 
      "change": 1
    }
  }, 
  {
    "pk": 3, 
    "model": "core.rankingchange", 
    "fields": {
      "ranking_change_set": 1, 
      "created": "2012-08-09T01:34:00.485Z", 
      "rank": 7, 
      "ranked": 8, 
      "created_by": null, 
      "change": 1
    }
  }, 
  {
    "pk": 4, 
    "model": "core.rankingchange", 
    "fields": {
      "ranking_change_set": 2, 
      "created": "2012-08-09T01:34:11.970Z", 
      "rank": 8, 
      "ranked": 8, 
      "created_by": null, 
      "change": -1
    }
  }, 
  {
    "pk": 5, 
    "model": "core.rankingchange", 
    "fields": {
      "ranking_change_set": 2, 
      "created": "2012-08-09T01:34:11.973Z", 
      "rank": 7, 
      "ranked": 6, 
      "created_by": null, 
      "change": 1
    }
  }, 
  {
    "pk": 6, 
    "model": "core.rankingchange", 
    "fields": {
      "ranking_change_set": 3, 
      "created": "2012-08-09T01:34:40.406Z", 
      "rank": 5, 
      "ranked": 5, 
      "created_by": null, 
      "change": -2
    }
  }, 
  {
    "pk": 7, 
    "model": "core.rankingchange", 
    "fields": {
      "ranking_change_set": 3, 
      "created": "2012-08-09T01:34:40.410Z", 
      "rank": 3, 
      "ranked": 3, 
      "created_by": null, 
      "change": 2
    }
  }, 
  {
    "pk": 8, 
    "model": "core.rankingchange", 
    "fields": {
      "ranking_change_set": 4, 
      "created": "2012-08-09T01:35:04.524Z", 
      "rank": 6, 
      "ranked": 9, 
      "created_by": null, 
      "change": -2
    }
  }, 
  {
    "pk": 9, 
    "model": "core.rankingchange", 
    "fields": {
      "ranking_change_set": 4, 
      "created": "2012-08-09T01:35:04.528Z", 
      "rank": 4, 
      "ranked": 4, 
      "created_by": null, 
      "change": 2
    }
  }, 
  {
    "pk": 10, 
    "model": "core.rankingchange", 
    "fields": {
      "ranking_change_set": 5, 
      "created": "2012-08-09T01:35:20.391Z", 
      "rank": 5, 
      "ranked": 3, 
      "created_by": null, 
      "change": -4
    }
  }, 
  {
    "pk": 11, 
    "model": "core.rankingchange", 
    "fields": {
      "ranking_change_set": 5, 
      "created": "2012-08-09T01:35:20.402Z", 
      "rank": 1, 
      "ranked": 1, 
      "created_by": null, 
      "change": 1
    }
  }, 
  {
    "pk": 12, 
    "model": "core.rankingchange", 
    "fields": {
      "ranking_change_set": 5, 
      "created": "2012-08-09T01:35:20.413Z", 
      "rank": 2, 
      "ranked": 2, 
      "created_by": null, 
      "change": 1
    }
  }, 
  {
    "pk": 13, 
    "model": "core.rankingchange", 
    "fields": {
      "ranking_change_set": 5, 
      "created": "2012-08-09T01:35:20.424Z", 
      "rank": 3, 
      "ranked": 5, 
      "created_by": null, 
      "change": 1
    }
  }, 
  {
    "pk": 14, 
    "model": "core.rankingchange", 
    "fields": {
      "ranking_change_set": 5, 
      "created": "2012-08-09T01:35:20.435Z", 
      "rank": 4, 
      "ranked": 9, 
      "created_by": null, 
      "change": 1
    }
  }, 
  {
    "pk": 15, 
    "model": "core.rankingchange", 
    "fields": {
      "ranking_change_set": 6, 
      "created": "2012-08-09T01:35:34.708Z", 
      "rank": 9, 
      "ranked": 10, 
      "created_by": null, 
      "change": -2
    }
  }, 
  {
    "pk": 16, 
    "model": "core.rankingchange", 
    "fields": {
      "ranking_change_set": 6, 
      "created": "2012-08-09T01:35:34.710Z", 
      "rank": 7, 
      "ranked": 8, 
      "created_by": null, 
      "change": 2
    }
  }, 
  {
    "pk": 17, 
    "model": "core.rankingchange", 
    "fields": {
      "ranking_change_set": 7, 
      "created": "2012-08-09T01:35:57.330Z", 
      "rank": 7, 
      "ranked": 10, 
      "created_by": null, 
      "change": -2
    }
  }, 
  {
    "pk": 18, 
    "model": "core.rankingchange", 
    "fields": {
      "ranking_change_set": 7, 
      "created": "2012-08-09T01:35:57.334Z", 
      "rank": 5, 
      "ranked": 9, 
      "created_by": null, 
      "change": 2
    }
  }, 
  {
    "pk": 19, 
    "model": "core.rankingchange", 
    "fields": {
      "ranking_change_set": 8, 
      "created": "2012-08-09T01:37:28.963Z", 
      "rank": 9, 
      "ranked": 8, 
      "created_by": null, 
      "change": -2
    }
  }, 
  {
    "pk": 20, 
    "model": "core.rankingchange", 
    "fields": {
      "ranking_change_set": 8, 
      "created": "2012-08-09T01:37:28.967Z", 
      "rank": 7, 
      "ranked": 9, 
      "created_by": null, 
      "change": 2
    }
  }, 
  {
    "pk": 21, 
    "model": "core.rankingchange", 
    "fields": {
      "ranking_change_set": 9, 
      "created": "2012-08-09T01:37:54.416Z", 
      "rank": 7, 
      "ranked": 8, 
      "created_by": null, 
      "change": -2
    }
  }, 
  {
    "pk": 22, 
    "model": "core.rankingchange", 
    "fields": {
      "ranking_change_set": 9, 
      "created": "2012-08-09T01:37:54.420Z", 
      "rank": 5, 
      "ranked": 10, 
      "created_by": null, 
      "change": 2
    }
  }, 
  {
    "pk": 23, 
    "model": "core.rankingchange", 
    "fields": {
      "ranking_change_set": 10, 
      "created": "2012-08-09T01:38:06.288Z", 
      "rank": 9, 
      "ranked": 9, 
      "created_by": null, 
      "change": -1
    }
  }, 
  {
    "pk": 24, 
    "model": "core.rankingchange", 
    "fields": {
      "ranking_change_set": 10, 
      "created": "2012-08-09T01:38:06.291Z", 
      "rank": 8, 
      "ranked": 6, 
      "created_by": null, 
      "change": 1
    }
  }, 
  {
    "pk": 25, 
    "model": "core.rankingchange", 
    "fields": {
      "ranking_change_set": 11, 
      "created": "2012-08-09T01:38:15.513Z", 
      "rank": 9, 
      "ranked": 6, 
      "created_by": null, 
      "change": -2
    }
  }, 
  {
    "pk": 26, 
    "model": "core.rankingchange", 
    "fields": {
      "ranking_change_set": 11, 
      "created": "2012-08-09T01:38:15.519Z", 
      "rank": 7, 
      "ranked": 10, 
      "created_by": null, 
      "change": 2
    }
  }, 
  {
    "pk": 27, 
    "model": "core.rankingchange", 
    "fields": {
      "ranking_change_set": 12, 
      "created": "2012-08-09T01:38:26.246Z", 
      "rank": 7, 
      "ranked": 6, 
      "created_by": null, 
      "change": -2
    }
  }, 
  {
    "pk": 28, 
    "model": "core.rankingchange", 
    "fields": {
      "ranking_change_set": 12, 
      "created": "2012-08-09T01:38:26.251Z", 
      "rank": 5, 
      "ranked": 8, 
      "created_by": null, 
      "change": 2
    }
  }, 
  {
    "pk": 29, 
    "model": "core.rankingchange", 
    "fields": {
      "ranking_change_set": 13, 
      "created": "2012-08-09T01:38:37.414Z", 
      "rank": 6, 
      "ranked": 4, 
      "created_by": null, 
      "change": -2
    }
  }, 
  {
    "pk": 30, 
    "model": "core.rankingchange", 
    "fields": {
      "ranking_change_set": 13, 
      "created": "2012-08-09T01:38:37.423Z", 
      "rank": 4, 
      "ranked": 5, 
      "created_by": null, 
      "change": 1
    }
  }, 
  {
    "pk": 31, 
    "model": "core.rankingchange", 
    "fields": {
      "ranking_change_set": 13, 
      "created": "2012-08-09T01:38:37.431Z", 
      "rank": 5, 
      "ranked": 6, 
      "created_by": null, 
      "change": 1
    }
  }, 
  {
    "pk": 32, 
    "model": "core.rankingchange", 
    "fields": {
      "ranking_change_set": 14, 
      "created": "2012-08-09T01:38:52.320Z", 
      "rank": 3, 
      "ranked": 2, 
      "created_by": null, 
      "change": -2
    }
  }, 
  {
    "pk": 33, 
    "model": "core.rankingchange", 
    "fields": {
      "ranking_change_set": 14, 
      "created": "2012-08-09T01:38:52.323Z", 
      "rank": 1, 
      "ranked": 3, 
      "created_by": null, 
      "change": 2
    }
  }, 
  {
    "pk": 34, 
    "model": "core.rankingchange", 
    "fields": {
      "ranking_change_set": 15, 
      "created": "2012-08-09T01:39:22.851Z", 
      "rank": 2, 
      "ranked": 1, 
      "created_by": null, 
      "change": -1
    }
  }, 
  {
    "pk": 35, 
    "model": "core.rankingchange", 
    "fields": {
      "ranking_change_set": 15, 
      "created": "2012-08-09T01:39:22.855Z", 
      "rank": 1, 
      "ranked": 2, 
      "created_by": null, 
      "change": 1
    }
  }, 
  {
    "pk": 36, 
    "model": "core.rankingchange", 
    "fields": {
      "ranking_change_set": 16, 
      "created": "2012-08-09T12:45:13.332Z", 
      "rank": 3, 
      "ranked": 13, 
      "created_by": null, 
      "change": -1
    }
  }, 
  {
    "pk": 37, 
    "model": "core.rankingchange", 
    "fields": {
      "ranking_change_set": 16, 
      "created": "2012-08-09T12:45:13.342Z", 
      "rank": 2, 
      "ranked": 12, 
      "created_by": null, 
      "change": 1
    }
  }, 
  {
    "pk": 38, 
    "model": "core.rankingchange", 
    "fields": {
      "ranking_change_set": 17, 
      "created": "2012-08-09T12:46:02.921Z", 
      "rank": 5, 
      "ranked": 15, 
      "created_by": null, 
      "change": -1
    }
  }, 
  {
    "pk": 39, 
    "model": "core.rankingchange", 
    "fields": {
      "ranking_change_set": 17, 
      "created": "2012-08-09T12:46:02.931Z", 
      "rank": 4, 
      "ranked": 14, 
      "created_by": null, 
      "change": 1
    }
  }, 
  {
    "pk": 40, 
    "model": "core.rankingchange", 
    "fields": {
      "ranking_change_set": 18, 
      "created": "2012-08-09T12:46:21.055Z", 
      "rank": 6, 
      "ranked": 16, 
      "created_by": null, 
      "change": -1
    }
  }, 
  {
    "pk": 41, 
    "model": "core.rankingchange", 
    "fields": {
      "ranking_change_set": 18, 
      "created": "2012-08-09T12:46:21.065Z", 
      "rank": 5, 
      "ranked": 14, 
      "created_by": null, 
      "change": 1
    }
  }, 
  {
    "pk": 42, 
    "model": "core.rankingchange", 
    "fields": {
      "ranking_change_set": 19, 
      "created": "2012-08-09T12:46:33.747Z", 
      "rank": 6, 
      "ranked": 14, 
      "created_by": null, 
      "change": -1
    }
  }, 
  {
    "pk": 43, 
    "model": "core.rankingchange", 
    "fields": {
      "ranking_change_set": 19, 
      "created": "2012-08-09T12:46:33.767Z", 
      "rank": 5, 
      "ranked": 16, 
      "created_by": null, 
      "change": 1
    }
  }, 
  {
    "pk": 44, 
    "model": "core.rankingchange", 
    "fields": {
      "ranking_change_set": 20, 
      "created": "2012-08-09T12:47:03.702Z", 
      "rank": 5, 
      "ranked": 14, 
      "created_by": null, 
      "change": -1
    }
  }, 
  {
    "pk": 45, 
    "model": "core.rankingchange", 
    "fields": {
      "ranking_change_set": 20, 
      "created": "2012-08-09T12:47:03.702Z", 
      "rank": 4, 
      "ranked": 15, 
      "created_by": null, 
      "change": 1
    }
  }, 
  {
    "pk": 46, 
    "model": "core.rankingchange", 
    "fields": {
      "ranking_change_set": 21, 
      "created": "2012-08-09T12:47:24.785Z", 
      "rank": 3, 
      "ranked": 12, 
      "created_by": null, 
      "change": -1
    }
  }, 
  {
    "pk": 47, 
    "model": "core.rankingchange", 
    "fields": {
      "ranking_change_set": 21, 
      "created": "2012-08-09T12:47:24.795Z", 
      "rank": 2, 
      "ranked": 13, 
      "created_by": null, 
      "change": 1
    }
  }
]