[
  {
    "pk": 16, 
    "model": "leaderboard.player", 
    "fields": {
      "user": 10
    }
  }, 
  {
    "pk": 15, 
    "model": "leaderboard.player", 
    "fields": {
      "user": 8
    }
  }, 
  {
    "pk": 14, 
    "model": "leaderboard.player", 
    "fields": {
      "user": 4
    }
  }, 
  {
    "pk": 13, 
    "model": "leaderboard.player", 
    "fields": {
      "user": 3
    }
  }, 
  {
    "pk": 12, 
    "model": "leaderboard.player", 
    "fields": {
      "user": 2
    }
  }, 
  {
    "pk": 11, 
    "model": "leaderboard.player", 
    "fields": {
      "user": 1
    }
  }, 
  {
    "pk": 10, 
    "model": "leaderboard.player", 
    "fields": {
      "user": 11
    }
  }, 
  {
    "pk": 9, 
    "model": "leaderboard.player", 
    "fields": {
      "user": 10
    }
  }, 
  {
    "pk": 8, 
    "model": "leaderboard.player", 
    "fields": {
      "user": 9
    }
  }, 
  {
    "pk": 6, 
    "model": "leaderboard.player", 
    "fields": {
      "user": 7
    }
  }, 
  {
    "pk": 5, 
    "model": "leaderboard.player", 
    "fields": {
      "user": 6
    }
  }, 
  {
    "pk": 4, 
    "model": "leaderboard.player", 
    "fields": {
      "user": 5
    }
  }, 
  {
    "pk": 3, 
    "model": "leaderboard.player", 
    "fields": {
      "user": 4
    }
  }, 
  {
    "pk": 2, 
    "model": "leaderboard.player", 
    "fields": {
      "user": 3
    }
  }, 
  {
    "pk": 1, 
    "model": "leaderboard.player", 
    "fields": {
      "user": 2
    }
  }, 
  {
    "pk": 1, 
    "model": "leaderboard.match", 
    "fields": {
      "ladder": 4, 
      "ranking_change": true, 
      "created_by": null, 
      "created": "2012-08-09T01:34:00.381Z"
    }
  }, 
  {
    "pk": 2, 
    "model": "leaderboard.match", 
    "fields": {
      "ladder": 4, 
      "ranking_change": true, 
      "created_by": null, 
      "created": "2012-08-09T01:34:11.929Z"
    }
  }, 
  {
    "pk": 3, 
    "model": "leaderboard.match", 
    "fields": {
      "ladder": 4, 
      "ranking_change": true, 
      "created_by": null, 
      "created": "2012-08-09T01:34:22.277Z"
    }
  }, 
  {
    "pk": 4, 
    "model": "leaderboard.match", 
    "fields": {
      "ladder": 4, 
      "ranking_change": true, 
      "created_by": null, 
      "created": "2012-08-09T01:34:40.269Z"
    }
  }, 
  {
    "pk": 5, 
    "model": "leaderboard.match", 
    "fields": {
      "ladder": 4, 
      "ranking_change": true, 
      "created_by": null, 
      "created": "2012-08-09T01:35:04.460Z"
    }
  }, 
  {
    "pk": 6, 
    "model": "leaderboard.match", 
    "fields": {
      "ladder": 4, 
      "ranking_change": true, 
      "created_by": null, 
      "created": "2012-08-09T01:35:20.326Z"
    }
  }, 
  {
    "pk": 7, 
    "model": "leaderboard.match", 
    "fields": {
      "ladder": 4, 
      "ranking_change": true, 
      "created_by": null, 
      "created": "2012-08-09T01:35:34.668Z"
    }
  }, 
  {
    "pk": 8, 
    "model": "leaderboard.match", 
    "fields": {
      "ladder": 4, 
      "ranking_change": true, 
      "created_by": null, 
      "created": "2012-08-09T01:35:57.240Z"
    }
  }, 
  {
    "pk": 9, 
    "model": "leaderboard.match", 
    "fields": {
      "ladder": 4, 
      "ranking_change": true, 
      "created_by": null, 
      "created": "2012-08-09T01:37:28.902Z"
    }
  }, 
  {
    "pk": 10, 
    "model": "leaderboard.match", 
    "fields": {
      "ladder": 4, 
      "ranking_change": true, 
      "created_by": null, 
      "created": "2012-08-09T01:37:42.946Z"
    }
  }, 
  {
    "pk": 11, 
    "model": "leaderboard.match", 
    "fields": {
      "ladder": 4, 
      "ranking_change": true, 
      "created_by": null, 
      "created": "2012-08-09T01:37:54.355Z"
    }
  }, 
  {
    "pk": 12, 
    "model": "leaderboard.match", 
    "fields": {
      "ladder": 4, 
      "ranking_change": true, 
      "created_by": null, 
      "created": "2012-08-09T01:38:06.228Z"
    }
  }, 
  {
    "pk": 13, 
    "model": "leaderboard.match", 
    "fields": {
      "ladder": 4, 
      "ranking_change": true, 
      "created_by": null, 
      "created": "2012-08-09T01:38:15.412Z"
    }
  }, 
  {
    "pk": 14, 
    "model": "leaderboard.match", 
    "fields": {
      "ladder": 4, 
      "ranking_change": true, 
      "created_by": null, 
      "created": "2012-08-09T01:38:26.144Z"
    }
  }, 
  {
    "pk": 15, 
    "model": "leaderboard.match", 
    "fields": {
      "ladder": 4, 
      "ranking_change": true, 
      "created_by": null, 
      "created": "2012-08-09T01:38:37.369Z"
    }
  }, 
  {
    "pk": 16, 
    "model": "leaderboard.match", 
    "fields": {
      "ladder": 4, 
      "ranking_change": true, 
      "created_by": null, 
      "created": "2012-08-09T01:38:52.280Z"
    }
  }, 
  {
    "pk": 17, 
    "model": "leaderboard.match", 
    "fields": {
      "ladder": 4, 
      "ranking_change": true, 
      "created_by": null, 
      "created": "2012-08-09T01:39:22.766Z"
    }
  }, 
  {
    "pk": 1, 
    "model": "leaderboard.matchplayer", 
    "fields": {
      "score": 2, 
      "user": 10, 
      "match": 1
    }
  }, 
  {
    "pk": 2, 
    "model": "leaderboard.matchplayer", 
    "fields": {
      "score": 1, 
      "user": 4, 
      "match": 1
    }
  }, 
  {
    "pk": 3, 
    "model": "leaderboard.matchplayer", 
    "fields": {
      "score": 1, 
      "user": 7, 
      "match": 2
    }
  }, 
  {
    "pk": 4, 
    "model": "leaderboard.matchplayer", 
    "fields": {
      "score": 2, 
      "user": 9, 
      "match": 2
    }
  }, 
  {
    "pk": 5, 
    "model": "leaderboard.matchplayer", 
    "fields": {
      "score": 2, 
      "user": 2, 
      "match": 3
    }
  }, 
  {
    "pk": 6, 
    "model": "leaderboard.matchplayer", 
    "fields": {
      "score": 0, 
      "user": 3, 
      "match": 3
    }
  }, 
  {
    "pk": 7, 
    "model": "leaderboard.matchplayer", 
    "fields": {
      "score": 1, 
      "user": 4, 
      "match": 4
    }
  }, 
  {
    "pk": 8, 
    "model": "leaderboard.matchplayer", 
    "fields": {
      "score": 2, 
      "user": 6, 
      "match": 4
    }
  }, 
  {
    "pk": 9, 
    "model": "leaderboard.matchplayer", 
    "fields": {
      "score": 2, 
      "user": 10, 
      "match": 5
    }
  }, 
  {
    "pk": 10, 
    "model": "leaderboard.matchplayer", 
    "fields": {
      "score": 0, 
      "user": 5, 
      "match": 5
    }
  }, 
  {
    "pk": 11, 
    "model": "leaderboard.matchplayer", 
    "fields": {
      "score": 2, 
      "user": 4, 
      "match": 6
    }
  }, 
  {
    "pk": 12, 
    "model": "leaderboard.matchplayer", 
    "fields": {
      "score": 0, 
      "user": 2, 
      "match": 6
    }
  }, 
  {
    "pk": 13, 
    "model": "leaderboard.matchplayer", 
    "fields": {
      "score": 2, 
      "user": 11, 
      "match": 7
    }
  }, 
  {
    "pk": 14, 
    "model": "leaderboard.matchplayer", 
    "fields": {
      "score": 1, 
      "user": 9, 
      "match": 7
    }
  }, 
  {
    "pk": 15, 
    "model": "leaderboard.matchplayer", 
    "fields": {
      "score": 0, 
      "user": 10, 
      "match": 8
    }
  }, 
  {
    "pk": 16, 
    "model": "leaderboard.matchplayer", 
    "fields": {
      "score": 3, 
      "user": 11, 
      "match": 8
    }
  }, 
  {
    "pk": 17, 
    "model": "leaderboard.matchplayer", 
    "fields": {
      "score": 2, 
      "user": 9, 
      "match": 9
    }
  }, 
  {
    "pk": 18, 
    "model": "leaderboard.matchplayer", 
    "fields": {
      "score": 0, 
      "user": 10, 
      "match": 9
    }
  }, 
  {
    "pk": 19, 
    "model": "leaderboard.matchplayer", 
    "fields": {
      "score": 1, 
      "user": 9, 
      "match": 10
    }
  }, 
  {
    "pk": 20, 
    "model": "leaderboard.matchplayer", 
    "fields": {
      "score": 2, 
      "user": 11, 
      "match": 10
    }
  }, 
  {
    "pk": 21, 
    "model": "leaderboard.matchplayer", 
    "fields": {
      "score": 1, 
      "user": 9, 
      "match": 11
    }
  }, 
  {
    "pk": 22, 
    "model": "leaderboard.matchplayer", 
    "fields": {
      "score": 0, 
      "user": 11, 
      "match": 11
    }
  }, 
  {
    "pk": 23, 
    "model": "leaderboard.matchplayer", 
    "fields": {
      "score": 0, 
      "user": 7, 
      "match": 12
    }
  }, 
  {
    "pk": 24, 
    "model": "leaderboard.matchplayer", 
    "fields": {
      "score": 1, 
      "user": 10, 
      "match": 12
    }
  }, 
  {
    "pk": 25, 
    "model": "leaderboard.matchplayer", 
    "fields": {
      "score": 2, 
      "user": 7, 
      "match": 13
    }
  }, 
  {
    "pk": 26, 
    "model": "leaderboard.matchplayer", 
    "fields": {
      "score": 0, 
      "user": 11, 
      "match": 13
    }
  }, 
  {
    "pk": 27, 
    "model": "leaderboard.matchplayer", 
    "fields": {
      "score": 2, 
      "user": 9, 
      "match": 14
    }
  }, 
  {
    "pk": 28, 
    "model": "leaderboard.matchplayer", 
    "fields": {
      "score": 3, 
      "user": 7, 
      "match": 14
    }
  }, 
  {
    "pk": 29, 
    "model": "leaderboard.matchplayer", 
    "fields": {
      "score": 2, 
      "user": 5, 
      "match": 15
    }
  }, 
  {
    "pk": 30, 
    "model": "leaderboard.matchplayer", 
    "fields": {
      "score": 0, 
      "user": 3, 
      "match": 15
    }
  }, 
  {
    "pk": 31, 
    "model": "leaderboard.matchplayer", 
    "fields": {
      "score": 3, 
      "user": 3, 
      "match": 16
    }
  }, 
  {
    "pk": 32, 
    "model": "leaderboard.matchplayer", 
    "fields": {
      "score": 2, 
      "user": 4, 
      "match": 16
    }
  }, 
  {
    "pk": 33, 
    "model": "leaderboard.matchplayer", 
    "fields": {
      "score": 2, 
      "user": 2, 
      "match": 17
    }
  }, 
  {
    "pk": 34, 
    "model": "leaderboard.matchplayer", 
    "fields": {
      "score": 0, 
      "user": 3, 
      "match": 17
    }
  }, 
  {
    "pk": 8, 
    "model": "leaderboard.game", 
    "fields": {
      "game_number": 2, 
      "match": 17, 
      "created_by": null, 
      "created": "2012-08-09T01:39:22.790Z"
    }
  }, 
  {
    "pk": 7, 
    "model": "leaderboard.game", 
    "fields": {
      "game_number": 1, 
      "match": 17, 
      "created_by": null, 
      "created": "2012-08-09T01:39:22.780Z"
    }
  }, 
  {
    "pk": 6, 
    "model": "leaderboard.game", 
    "fields": {
      "game_number": 3, 
      "match": 8, 
      "created_by": null, 
      "created": "2012-08-09T01:35:57.274Z"
    }
  }, 
  {
    "pk": 5, 
    "model": "leaderboard.game", 
    "fields": {
      "game_number": 2, 
      "match": 8, 
      "created_by": null, 
      "created": "2012-08-09T01:35:57.264Z"
    }
  }, 
  {
    "pk": 4, 
    "model": "leaderboard.game", 
    "fields": {
      "game_number": 1, 
      "match": 8, 
      "created_by": null, 
      "created": "2012-08-09T01:35:57.254Z"
    }
  }, 
  {
    "pk": 3, 
    "model": "leaderboard.game", 
    "fields": {
      "game_number": 3, 
      "match": 4, 
      "created_by": null, 
      "created": "2012-08-09T01:34:40.328Z"
    }
  }, 
  {
    "pk": 2, 
    "model": "leaderboard.game", 
    "fields": {
      "game_number": 2, 
      "match": 4, 
      "created_by": null, 
      "created": "2012-08-09T01:34:40.311Z"
    }
  }, 
  {
    "pk": 1, 
    "model": "leaderboard.game", 
    "fields": {
      "game_number": 1, 
      "match": 4, 
      "created_by": null, 
      "created": "2012-08-09T01:34:40.292Z"
    }
  }, 
  {
    "pk": 1, 
    "model": "leaderboard.gameplayer", 
    "fields": {
      "player": 7, 
      "game": 1, 
      "score": 21
    }
  }, 
  {
    "pk": 2, 
    "model": "leaderboard.gameplayer", 
    "fields": {
      "player": 8, 
      "game": 1, 
      "score": 18
    }
  }, 
  {
    "pk": 3, 
    "model": "leaderboard.gameplayer", 
    "fields": {
      "player": 7, 
      "game": 2, 
      "score": 19
    }
  }, 
  {
    "pk": 4, 
    "model": "leaderboard.gameplayer", 
    "fields": {
      "player": 8, 
      "game": 2, 
      "score": 21
    }
  }, 
  {
    "pk": 5, 
    "model": "leaderboard.gameplayer", 
    "fields": {
      "player": 7, 
      "game": 3, 
      "score": 22
    }
  }, 
  {
    "pk": 6, 
    "model": "leaderboard.gameplayer", 
    "fields": {
      "player": 8, 
      "game": 3, 
      "score": 24
    }
  }, 
  {
    "pk": 7, 
    "model": "leaderboard.gameplayer", 
    "fields": {
      "player": 15, 
      "game": 4, 
      "score": 18
    }
  }, 
  {
    "pk": 8, 
    "model": "leaderboard.gameplayer", 
    "fields": {
      "player": 16, 
      "game": 4, 
      "score": 21
    }
  }, 
  {
    "pk": 9, 
    "model": "leaderboard.gameplayer", 
    "fields": {
      "player": 15, 
      "game": 5, 
      "score": 19
    }
  }, 
  {
    "pk": 10, 
    "model": "leaderboard.gameplayer", 
    "fields": {
      "player": 16, 
      "game": 5, 
      "score": 21
    }
  }, 
  {
    "pk": 11, 
    "model": "leaderboard.gameplayer", 
    "fields": {
      "player": 15, 
      "game": 6, 
      "score": 15
    }
  }, 
  {
    "pk": 12, 
    "model": "leaderboard.gameplayer", 
    "fields": {
      "player": 16, 
      "game": 6, 
      "score": 21
    }
  }, 
  {
    "pk": 13, 
    "model": "leaderboard.gameplayer", 
    "fields": {
      "player": 33, 
      "game": 7, 
      "score": 21
    }
  }, 
  {
    "pk": 14, 
    "model": "leaderboard.gameplayer", 
    "fields": {
      "player": 34, 
      "game": 7, 
      "score": 14
    }
  }, 
  {
    "pk": 15, 
    "model": "leaderboard.gameplayer", 
    "fields": {
      "player": 33, 
      "game": 8, 
      "score": 21
    }
  }, 
  {
    "pk": 16, 
    "model": "leaderboard.gameplayer", 
    "fields": {
      "player": 34, 
      "game": 8, 
      "score": 9
    }
  }, 
  {
    "pk": 1, 
    "model": "leaderboard.matchrankingchangeset", 
    "fields": {
      "match": 1
    }
  }, 
  {
    "pk": 2, 
    "model": "leaderboard.matchrankingchangeset", 
    "fields": {
      "match": 2
    }
  }, 
  {
    "pk": 3, 
    "model": "leaderboard.matchrankingchangeset", 
    "fields": {
      "match": 4
    }
  }, 
  {
    "pk": 4, 
    "model": "leaderboard.matchrankingchangeset", 
    "fields": {
      "match": 5
    }
  }, 
  {
    "pk": 5, 
    "model": "leaderboard.matchrankingchangeset", 
    "fields": {
      "match": 6
    }
  }, 
  {
    "pk": 6, 
    "model": "leaderboard.matchrankingchangeset", 
    "fields": {
      "match": 7
    }
  }, 
  {
    "pk": 7, 
    "model": "leaderboard.matchrankingchangeset", 
    "fields": {
      "match": 8
    }
  }, 
  {
    "pk": 8, 
    "model": "leaderboard.matchrankingchangeset", 
    "fields": {
      "match": 9
    }
  }, 
  {
    "pk": 9, 
    "model": "leaderboard.matchrankingchangeset", 
    "fields": {
      "match": 11
    }
  }, 
  {
    "pk": 10, 
    "model": "leaderboard.matchrankingchangeset", 
    "fields": {
      "match": 12
    }
  }, 
  {
    "pk": 11, 
    "model": "leaderboard.matchrankingchangeset", 
    "fields": {
      "match": 13
    }
  }, 
  {
    "pk": 12, 
    "model": "leaderboard.matchrankingchangeset", 
    "fields": {
      "match": 14
    }
  }, 
  {
    "pk": 13, 
    "model": "leaderboard.matchrankingchangeset", 
    "fields": {
      "match": 15
    }
  }, 
  {
    "pk": 14, 
    "model": "leaderboard.matchrankingchangeset", 
    "fields": {
      "match": 16
    }
  }, 
  {
    "pk": 15, 
    "model": "leaderboard.matchrankingchangeset", 
    "fields": {
      "match": 17
    }
  }
]